{"nodes":["A","B","C","D","X1","X2","X3","X4","X5","X6","X7","X8","X9","X10","X11","X12","X13","X14"],"hedges":{"p0":[["B","C"],["A"]],"$p_2$":[["A","D"],["B"]],"p4":[["A","D"],["C"]],"p6":[["B","C"],["D"]],"p5":[["X6"],["X4"]],"p2":[["X2","X10"],["X3"]],"p8":[["X9"],["X11","X10"]],"p10":[["X12","X9"],["X4","X7","X8"]],"p11":[["X7"],["X5"]],"p12":[["X6"],["X13"]],"p13":[["X1"],["D","X6"]],"p1":[["X1"],["X3","X2"]],"p14":[["X2"],["X10"]],"p15":[["X10"],["X3","X9"]],"p9":[["X11"],["X9","X12"]],"p3":[["X3"],["X4","X6"]],"p7":[["X3"],["X4","X9"]],"p16":[["X9"],["X4"]],"p17":[["C"],["X13"]],"p18":[["C","X13"],["X14"]]},"viz":{"nodes":{"A":{"x":453.07237008355474,"y":790.0165432130922,"w":50,"h":40},"B":{"x":530.4578177106326,"y":838.5429166817472,"w":50,"h":40},"C":{"x":505.24095485384805,"y":703.9571532179582,"w":50,"h":40},"D":{"x":583.4526650059487,"y":749.3452658489797,"w":50,"h":40},"X1":{"x":674.401633127849,"y":724.129800787194,"w":50,"h":40},"X2":{"x":781.8325642312187,"y":769.1309907109172,"w":50,"h":40},"X3":{"x":744.8664410068808,"y":659.5118723591766,"w":50,"h":40},"X4":{"x":716.6321959332342,"y":552.4625727338854,"w":50,"h":40},"X5":{"x":660.2822922900523,"y":403.05207728214606,"w":50,"h":40},"X6":{"x":642.3970874723723,"y":625.550940423421,"w":50,"h":40},"X7":{"x":760.0628750505324,"y":415.55016260404267,"w":50,"h":40},"X8":{"x":873.5853310482536,"y":431.07709179367305,"w":50,"h":40},"X9":{"x":815.6353045053391,"y":575.536178294939,"w":50,"h":40},"X10":{"x":844.615066372914,"y":687.0857990561519,"w":50,"h":40},"X11":{"x":918.0211550530863,"y":605.566021647977,"w":50,"h":40},"X12":{"x":875.8682336488516,"y":498.4034647165929,"w":50,"h":40},"X13":{"x":546.2854143525803,"y":611.286757647325,"w":50,"h":40},"X14":{"x":440.0462741989891,"y":609.4713694149798,"w":50,"h":40}},"linknodes":[["p0",{"x":499.48542510443303,"y":774.4756225951937,"w":10,"h":10}],["$p_2$",{"x":524.4285531244365,"y":789.990877414268,"w":10,"h":10}],["p4",{"x":513.0213296299801,"y":752.3682903397764,"w":10,"h":10}],["p6",{"x":537.1171484706445,"y":767.5009020545632,"w":10,"h":10}],["p5",{"x":679.0048874015043,"y":588.5997430038897,"w":10,"h":10}],["p2",{"x":776.1850767845219,"y":699.6124899353961,"w":10,"h":10}],["p8",{"x":848.7609806275343,"y":616.0272493321982,"w":10,"h":10}],["p10",{"x":805.7494281723176,"y":505.2565699067718,"w":10,"h":10}],["p11",{"x":710.1749563536831,"y":410.1535448144094,"w":10,"h":10}],["p12",{"x":595.5441359324905,"y":609.9891025646167,"w":10,"h":10}],["p13",{"x":631.5344908922162,"y":696.2366797745146,"w":10,"h":10}],["p1",{"x":725.4936093950538,"y":726.3247112220687,"w":10,"h":10}],["p14",{"x":815.3606190048378,"y":729.7773414187146,"w":10,"h":10}],["p15",{"x":813.3562247543749,"y":646.1781465098071,"w":10,"h":10}],["p9",{"x":884.4470920145251,"y":567.4204238289657,"w":10,"h":10}],["p3",{"x":711.2394196768691,"y":621.568499865947,"w":10,"h":10}],["p7",{"x":755.4099629651339,"y":610.5096524100014,"w":10,"h":10}],["p16",{"x":765.9632695663014,"y":564.3439989510877,"w":10,"h":10}],["p17",{"x":524.3070032039227,"y":657.0816427757238,"w":10,"h":10}],["p18",{"x":482.2064187781226,"y":638.008930896273,"w":10,"h":10}]]}}