{"nodes":["A","X1","X2","X3","X4","X5","X6","X7","X8","X9","X10","X11","X12","X13","X14","X15","X16","X17","X18","X19","X20","X21","X22","X23"],"hedges":{"p1":[["A"],["X1"]],"p2":[["A"],["X2"]],"p3":[["A"],["X3"]],"p4":[["A"],["X4"]],"p5":[["A"],["X5"]],"p6":[["A"],["X6"]],"p7":[["A"],["X7"]],"p8":[["A"],["X8"]],"p9":[["A"],["X9"]],"p10":[["A"],["X10"]],"p11":[["A"],["X11"]],"p12":[["A"],["X12"]],"p13":[[],["A"]],"p14":[[],["A"]],"p15":[[],["A"]],"p16":[[],["A"]],"p17":[[],["A"]],"p19":[[],["A"]],"p20":[[],["A"]],"p21":[[],["A"]],"p22":[[],["A"]],"p23":[[],["A"]],"p24":[[],["A"]],"p25":[[],["A"]],"p26":[[],["A"]],"p27":[[],["A"]],"p28":[[],["X13"]],"p29":[["A"],["X14"]],"p30":[["A"],["X15"]],"p31":[["X15"],["X16"]],"p32":[["X16"],["X17"]],"p33":[[],["X18"]],"p34":[[],["X19"]],"p35":[["X19"],["X20"]],"p36":[["A"],["X21"]],"p37":[["A"],["X22"]],"p18":[["A"],["A"]],"p38":[["A"],["X23"]],"p39":[[],["X21"]],"p40":[["X23"],["X22"]]},"viz":{"nodes":{"A":{"x":605.1757970985554,"y":403,"w":550,"h":250,"selected":false,"expanded":true},"X1":{"x":923.6356490058602,"y":391.88738556680306,"w":50,"h":40},"X2":{"x":305.1149270642518,"y":217.92369343195188,"w":50,"h":40},"X3":{"x":916.8879163418846,"y":311.42812326377737,"w":50,"h":40},"X4":{"x":925.6480629657276,"y":271.42812326459307,"w":50,"h":40},"X5":{"x":301.3411684466769,"y":257.94756191315327,"w":50,"h":40},"X6":{"x":419.2144375466241,"y":551.9706902077452,"w":50,"h":40},"X7":{"x":197.12040253088477,"y":271.78891671736375,"w":50,"h":40},"X8":{"x":351.34116844667693,"y":253.93740332594726,"w":50,"h":40},"X9":{"x":905.1199800284251,"y":231.42812326459307,"w":50,"h":40},"X10":{"x":273.0050824342417,"y":500.8374508578725,"w":50,"h":40},"X11":{"x":967.3921616442415,"y":457.2787705323354,"w":50,"h":40},"X12":{"x":199.0546827085643,"y":457.12983225703607,"w":50,"h":40},"X13":{"x":915.1153758840774,"y":544.3652221764385,"w":50,"h":40},"X14":{"x":369.2144375466241,"y":548.3621187744649,"w":50,"h":40},"X15":{"x":546.7137541426796,"y":549.9657433168774,"w":50,"h":40},"X16":{"x":713.6249070106949,"y":551.9726246205416,"w":50,"h":40},"X17":{"x":905.1149270642645,"y":504.36522217647433,"w":50,"h":40},"X18":{"x":596.7137541426799,"y":550.3635771294734,"w":50,"h":40},"X19":{"x":652.4332739284436,"y":550.3711925150387,"w":50,"h":40},"X20":{"x":768.1746496852531,"y":547.9495520760312,"w":50,"h":40},"X21":{"x":838.1882404280624,"y":253.13057231496003,"w":50,"h":40},"X22":{"x":581.3240322556995,"y":253.92648186639022,"w":50,"h":40},"X23":{"x":720.5593524203376,"y":253.92648186639022,"w":50,"h":40}},"linknodes":[["p1",{"x":918.5011387853938,"y":368.1099690091288,"w":5,"h":5}],["p2",{"x":363.0963597802922,"y":275.923719606225,"w":5,"h":5}],["p3",{"x":942.7819255118192,"y":347.4580236770639,"w":5,"h":5}],["p4",{"x":863.0356831578328,"y":288.50588106354195,"w":5,"h":5}],["p5",{"x":369.989694206225,"y":285.9237196062244,"w":5,"h":5}],["p6",{"x":467.31123150164495,"y":533.9712119116466,"w":5,"h":5}],["p7",{"x":278.75742136184857,"y":286.07468272031934,"w":5,"h":5}],["p8",{"x":413.0963597848683,"y":267.9495549756586,"w":5,"h":5}],["p9",{"x":842.8649781928938,"y":279.70571748457934,"w":5,"h":5}],["p10",{"x":324.1102198330377,"y":532.9495549720098,"w":5,"h":5}],["p11",{"x":921.6181671384868,"y":416.8872864251085,"w":5,"h":5}],["p12",{"x":275.9692649921981,"y":475.83745085787257,"w":5,"h":5}],["p13",{"x":485.9516775551397,"y":272.9495549756576,"w":5,"h":5}],["p14",{"x":278.21416114911756,"y":378.0730749791955,"w":5,"h":5}],["p15",{"x":390.8678408352564,"y":523.3621187753142,"w":5,"h":5}],["p16",{"x":932.9480084198701,"y":360.7188444877596,"w":5,"h":5}],["p17",{"x":937.4866670371093,"y":355.66449389225704,"w":5,"h":5}],["p19",{"x":291.4906404197914,"y":289.82228794178224,"w":5,"h":5}],["p20",{"x":721.458621901065,"y":285.90917775939664,"w":5,"h":5}],["p21",{"x":671.2328001017454,"y":267.9495549756576,"w":5,"h":5}],["p22",{"x":602.1330575002806,"y":285.90917775939664,"w":5,"h":5}],["p23",{"x":289.1433852007446,"y":279.82228794178224,"w":5,"h":5}],["p24",{"x":276.73605974076577,"y":368.0730749791955,"w":5,"h":5}],["p25",{"x":435.85497238051084,"y":277.9495549756572,"w":5,"h":5}],["p26",{"x":875.6480629656179,"y":269.70571748457945,"w":5,"h":5}],["p27",{"x":924.5260774826065,"y":365.6644938922555,"w":5,"h":5}],["p28",{"x":916.9424420835632,"y":479.36522217647433,"w":5,"h":5}],["p29",{"x":443.74360060519444,"y":523.9712119116466,"w":5,"h":5}],["p30",{"x":583.1820592846448,"y":523.3804780677909,"w":5,"h":5}],["p31",{"x":633.1820592846448,"y":519.1777317258569,"w":5,"h":5}],["p32",{"x":815.2732279416338,"y":532.9495549747588,"w":5,"h":5}],["p33",{"x":666.4994295219084,"y":529.1777317258569,"w":5,"h":5}],["p34",{"x":724.0944676959401,"y":529.9899275791515,"w":5,"h":5}],["p35",{"x":716.4994295219084,"y":519.9899275791515,"w":5,"h":5}],["p36",{"x":788.6915934960056,"y":267.9495549756576,"w":5,"h":5}],["p37",{"x":581.1633109393339,"y":275.90917775939664,"w":5,"h":5}],["p18",{"x":989.4914318702738,"y":389.6960753662552,"w":5,"h":5}],["p38",{"x":721.2328001017454,"y":275.9091777593966,"w":5,"h":5}],["p39",{"x":771.4586219010819,"y":277.9495549756575,"w":5,"h":5}],["p40",{"x":652.1330575002808,"y":277.94955497565763,"w":5,"h":5}]],"links":[["p1",{}],["p2",{}],["p3",{}],["p4",{}],["p5",{}],["p6",{}],["p7",{}],["p8",{}],["p9",{}],["p10",{}],["p11",{}],["p12",{}],["p13",{}],["p14",{}],["p15",{}],["p16",{}],["p17",{}],["p19",{}],["p20",{}],["p21",{}],["p22",{}],["p23",{}],["p24",{}],["p25",{}],["p26",{}],["p27",{}],["p28",{}],["p29",{}],["p30",{}],["p31",{}],["p32",{}],["p33",{}],["p34",{}],["p35",{}],["p36",{}],["p37",{}],["p18",{}],["p38",{}],["p39",{}],["p40",{}]]}}
