{"nodes":["A","B","C","D","X1","X2","X3","X4","X5","X6","X7","X8","X9","X10"],"hedges":{"p0":[["B","C"],["A"]],"$p_2$":[["A","D"],["B"]],"p4":[["A","D"],["C"]],"p6":[["B","C"],["D"]],"p1":[["A","B"],["X1"]],"p2":[["A","B"],["X2"]],"p3":[["X1","X2"],["X3"]],"p5":[["X1","X2"],["X4"]],"p7":[["X4","X3"],["X5"]],"p8":[["X4","X3"],["X6"]],"p9":[["X5","X6"],["X7"]],"p10":[["X6","X7"],["X8"]],"p11":[["X7","X8"],["X9"]],"p12":[["X8","X9"],["X10"]]},"viz":{"nodes":{"A":{"x":481.47160612879446,"y":726.5777086970768,"w":50,"h":40},"B":{"x":375.480202642558,"y":692.1124119845639,"w":50,"h":40},"C":{"x":453.4078099386463,"y":805.3585986696179,"w":50,"h":40},"D":{"x":353.5945016852834,"y":773.4667848009956,"w":50,"h":40},"X1":{"x":427.6814551373524,"y":609.7713853310837,"w":50,"h":40},"X2":{"x":487.7514939975779,"y":662.7407372608012,"w":50,"h":40},"X3":{"x":526.0326537571149,"y":545.664777426489,"w":50,"h":40},"X4":{"x":546.2958897091523,"y":615.1966218823226,"w":50,"h":40},"X5":{"x":609.1512760718286,"y":622.8079340889345,"w":50,"h":40},"X6":{"x":645.5631815670417,"y":536.2405716562565,"w":50,"h":40},"X7":{"x":715.9525000045448,"y":626.9768910997144,"w":50,"h":40},"X8":{"x":763.847665825163,"y":537.0763767402012,"w":50,"h":40},"X9":{"x":819.9457098280968,"y":638.1624728642848,"w":50,"h":40},"X10":{"x":876.0837691895114,"y":551.3090372841089,"w":50,"h":40}},"linknodes":[["p0",{"x":432.44721356705344,"y":737.1321538757146,"w":10,"h":10}],["$p_2$",{"x":409.4795584679934,"y":729.1406659236799,"w":10,"h":10}],["p4",{"x":423.93296216703135,"y":766.5676711328682,"w":10,"h":10}],["p6",{"x":400.28401776503335,"y":757.7860872700916,"w":10,"h":10}],["p1",{"x":439.8133225672837,"y":659.9882222252679,"w":10,"h":10}],["p2",{"x":440.64035643661333,"y":679.970389687334,"w":10,"h":10}],["p3",{"x":490.9754588894787,"y":584.6953054993086,"w":10,"h":10}],["p5",{"x":499.5743073364257,"y":602.751730893923,"w":10,"h":10}],["p7",{"x":592.4111464031334,"y":574.9389815890445,"w":10,"h":10}],["p8",{"x":594.5427587143745,"y":555.0532223904252,"w":10,"h":10}],["p9",{"x":674.0247947515221,"y":599.797300168363,"w":10,"h":10}],["p10",{"x":715.3400872994415,"y":556.0785390656081,"w":10,"h":10}],["p11",{"x":781.6057296686015,"y":604.7759232826206,"w":10,"h":10}],["p12",{"x":827.9767503774989,"y":568.4391417064744,"w":10,"h":10}]]}}