{"nodes":["A","B","C","D","X1","X2","X3","X4","X5","X6","X7","X8","X9","X10"],"hedges":{"p0":[["B","C"],["A"]],"$p_2$":[["A","D"],["B"]],"p4":[["A","D"],["C"]],"p6":[["B","C"],["D"]],"p1":[["A","B"],["X1"]],"p2":[["A","B"],["X2"]],"p3":[["X1","X2"],["X3"]],"p5":[["X1","X2"],["X4"]],"p7":[["X4","X3"],["X5"]],"p8":[["X4","X3"],["X6"]],"p9":[["X5","X6"],["X7"]],"p10":[["X6","X7"],["X8"]],"p11":[["X7","X8"],["X9"]],"p12":[["X8","X9"],["X10"]]},"viz":{"nodes":{"A":{"x":825.694584886106,"y":783.9509783646627,"w":50,"h":40},"B":{"x":754.4366274505828,"y":880.0719122253508,"w":50,"h":40},"C":{"x":944.4052478431881,"y":886.2469427310543,"w":50,"h":40},"D":{"x":868.9353383449752,"y":972.657526175776,"w":50,"h":40},"X1":{"x":702.4176953548972,"y":808.2885021418074,"w":50,"h":40},"X2":{"x":768.4665812939384,"y":766.6005308645613,"w":50,"h":40},"X3":{"x":503.5056969973253,"y":608.0818963085017,"w":50,"h":40},"X4":{"x":573.9020805823787,"y":596.3186531723309,"w":50,"h":40},"X5":{"x":583.8037844759815,"y":518.528529743281,"w":50,"h":40},"X6":{"x":501.1373560879776,"y":491.71439724294737,"w":50,"h":40},"X7":{"x":579.785543204268,"y":406.8161146925566,"w":50,"h":40},"X8":{"x":488.4170232622468,"y":373.9911952223104,"w":50,"h":40},"X9":{"x":571.6247170312852,"y":296.2366099770891,"w":50,"h":40},"X10":{"x":470.3805110169851,"y":264.44150088798807,"w":50,"h":40}},"linknodes":[["p0",{"x":873.3979303390565,"y":885.4296655128164,"w":10,"h":10}],["$p_2$",{"x":858.6367788538369,"y":902.9834696464027,"w":10,"h":10}],["p4",{"x":899.2498267738074,"y":907.0192169126497,"w":10,"h":10}],["p6",{"x":887.1962169670028,"y":927.9698117428152,"w":10,"h":10}],["p1",{"x":753.2916371272415,"y":808.5542398982752,"w":10,"h":10}],["p2",{"x":771.701399765232,"y":816.3681437397736,"w":10,"h":10}],["p3",{"x":619.8738505848091,"y":710.4607910187287,"w":10,"h":10}],["p5",{"x":682.4000713346759,"y":690.9268856629728,"w":10,"h":10}],["p7",{"x":539.9044045637279,"y":544.1191573101415,"w":10,"h":10}],["p8",{"x":520.0158362795921,"y":542.0127017145871,"w":10,"h":10}],["p9",{"x":559.8610996450026,"y":453.07714936321344,"w":10,"h":10}],["p10",{"x":510.45123717741717,"y":420.3125131374571,"w":10,"h":10}],["p11",{"x":551.8478197419278,"y":342.8421660127054,"w":10,"h":10}],["p12",{"x":501.7998054577914,"y":304.7126662679017,"w":10,"h":10}]]}}