{"nodes":["A","B","C","D","X1","X2","X3","X4","X5","X6","X7","X8","X9","X10","X11","X12"],"hedges":{"p0":[["B","C"],["A"]],"$p_2$":[["A","D"],["B"]],"p4":[["A","D"],["C"]],"p6":[["B","C"],["D"]],"p1":[["A","B"],["X1"]],"p2":[["A","B"],["X2"]],"p3":[["X1","X2"],["X3"]],"p5":[["X1","X2"],["X4"]],"p7":[["X4","X3"],["X5"]],"p8":[["X4","X3"],["X6"]],"p9":[["X5","X6"],["X7"]],"p10":[["X6","X7"],["X8"]],"p11":[["X7","X8"],["X9"]],"p12":[["X8","X9"],["X10"]],"p13":[[],["X11"]],"p14":[["X11"],["X12"]],"p15":[["X12"],["X11"]]},"viz":{"nodes":{"A":{"x":987.7860912718006,"y":825.0382509816334,"w":50,"h":40,"selected":false},"B":{"x":938.7284388298726,"y":923.7480510056071,"w":50,"h":40,"selected":false},"C":{"x":1088.9012132768614,"y":875.2037452447206,"w":50,"h":40,"selected":true},"D":{"x":1034.7290782988796,"y":977.7528413563908,"w":50,"h":40,"selected":true},"X1":{"x":879.6933901779724,"y":789.1905152529451,"w":50,"h":40,"selected":true},"X2":{"x":844.6990647670021,"y":855.1249787516191,"w":50,"h":40,"selected":true},"X3":{"x":303.42470391741904,"y":949.2699931008075,"w":300,"h":200,"selected":false,"expanded":true},"X4":{"x":1014.3806660352299,"y":337.6649874785029,"w":300,"h":200,"selected":false,"expanded":true},"X5":{"x":432.9425035565594,"y":491.7402232233235,"w":50,"h":40,"selected":false},"X6":{"x":559.301936393392,"y":410.9096126451847,"w":50,"h":40,"selected":false},"X7":{"x":405.6099067066065,"y":344.2506221427456,"w":50,"h":40,"selected":false},"X8":{"x":512.4928035651711,"y":264.4080974822511,"w":50,"h":40,"selected":false},"X9":{"x":402.7851865127232,"y":169.1746890948829,"w":50,"h":40,"selected":false},"X10":{"x":543.6706746127142,"y":117.68433727229075,"w":50,"h":40,"selected":false},"X11":{"x":662.2917023721689,"y":256.640901542701,"w":50,"h":40,"selected":false},"X12":{"x":731.738818206233,"y":157.8099547614,"w":50,"h":40,"selected":false}},"linknodes":[["p0",{"x":1004.4461257155365,"y":869.7485571042162,"w":10,"h":10}],["$p_2$",{"x":984.4543345161821,"y":909.0661316375123,"w":10,"h":10}],["p4",{"x":1040.4381705010496,"y":892.6847602463303,"w":10,"h":10}],["p6",{"x":1023.3045472431678,"y":930.5667710951116,"w":10,"h":10}],["p1",{"x":922.0346587319079,"y":838.2106138020398,"w":10,"h":10}],["p2",{"x":908.0634356526765,"y":861.5710965183591,"w":10,"h":10}],["p3",{"x":645.9477689708889,"y":870.6057474460835,"w":10,"h":10,"sep":{"X1":204.42810776245233,"X2":177.0818284284562,"X3":291.42894318783885}}],["p5",{"x":924.4918897884799,"y":622.6422955278026,"w":10,"h":10,"sep":{"X1":190.66216982410904,"X2":203.2915361563483,"X4":277.74047315122607}}],["p7",{"x":530.7732160985299,"y":582.481219691374,"w":10,"h":10,"sep":{"X4":587.5982783349722,"X3":352.3435078435124,"X5":113.22509091318142}}],["p8",{"x":593.774135574807,"y":531.5009128576733,"w":10,"h":10,"sep":{"X4":478.37785359628316,"X3":466.3586653683018,"X6":104.49594503866477}}],["p9",{"x":454.582310760664,"y":402.88634391068666,"w":10,"h":10,"sep":{"X5":75.92639516391976,"X6":97.87221589921147,"X7":74.96655208553817}}],["p10",{"x":495.7483391341465,"y":326.79231491181037,"w":10,"h":10,"sep":{"X6":96.50774928954078,"X7":75.35834778205194,"X8":64.87292262154983}}],["p11",{"x":430.14461116323514,"y":240.22864425058384,"w":10,"h":10,"sep":{"X7":88.85577674567814,"X8":70.13266396536116,"X9":63.2374974371007}}],["p12",{"x":494.5537223499528,"y":172.24117610520435,"w":10,"h":10,"sep":{"X8":88.83771036212339,"X9":75.58385271394116,"X10":61.006956822325236}}],["p13",{"x":668.3185106607596,"y":316.74070297916654,"w":10,"h":10}],["p14",{"x":691.6420737681547,"y":204.07465701364728,"w":10,"h":10}],["p15",{"x":701.6420737681548,"y":209.79477093979418,"w":10,"h":10}]],"links":[["p0",{"selected":false}],["$p_2$",{"selected":false}],["p4",{"selected":true}],["p6",{"selected":true}],["p1",{"selected":true}],["p2",{"selected":true}],["p3",{"selected":false}],["p5",{"selected":false}],["p7",{"selected":false}],["p8",{"selected":false}],["p9",{"selected":false}],["p10",{"selected":false}],["p11",{"selected":false}],["p12",{"selected":false}],["p13",{"selected":false}],["p14",{"selected":false}],["p15",{"selected":false}]]}}