{"nodes":["A","B","C","D","X1","X2","X3","X4","X5","X6","X7","X8","X9","X10","X11","X12"],"hedges":{"p0":[["B","C"],["A"]],"$p_2$":[["A","D"],["B"]],"p4":[["A","D"],["C"]],"p6":[["B","C"],["D"]],"p1":[["A","B"],["X1"]],"p2":[["A","B"],["X2"]],"p3":[["X1","X2"],["X3"]],"p5":[["X1","X2"],["X4"]],"p7":[["X4","X3"],["X5"]],"p8":[["X4","X3"],["X6"]],"p9":[["X5","X6"],["X7"]],"p10":[["X6","X7"],["X8"]],"p11":[["X7","X8"],["X9"]],"p12":[["X8","X9"],["X10"]],"p13":[[],["X11"]],"p14":[["X11"],["X12"]],"p15":[["X12"],["X11"]]},"viz":{"nodes":{"A":{"x":823.2119480014733,"y":800.9456483276604,"w":50,"h":40},"B":{"x":797.1647857820932,"y":933.0604405009854,"w":50,"h":40},"C":{"x":963.4758163653656,"y":854.1059624823693,"w":50,"h":40},"D":{"x":905.7787354932082,"y":988.1907488699591,"w":50,"h":40},"X1":{"x":691.6109772143252,"y":913.5426060089633,"w":50,"h":40},"X2":{"x":646.4544927537029,"y":770.5006482708297,"w":50,"h":40},"X3":{"x":244.70882862296014,"y":1042.586157430314,"w":300,"h":200},"X4":{"x":1006.6815454489416,"y":476.16769000683735,"w":300,"h":200},"X5":{"x":400.17394146398755,"y":669.7632599799963,"w":50,"h":40},"X6":{"x":451.486498368477,"y":528.3767290174155,"w":50,"h":40},"X7":{"x":317.08442937899576,"y":455.97724704400764,"w":50,"h":40},"X8":{"x":356.3322578767505,"y":311.31056704987594,"w":50,"h":40},"X9":{"x":228.99957225796015,"y":296.5340475003357,"w":50,"h":40},"X10":{"x":274.65814325656413,"y":153.6510041619729,"w":50,"h":40},"X11":{"x":772.5027137742443,"y":158.59605810602247,"w":50,"h":40},"X12":{"x":893.6011231425434,"y":155.40845630682543,"w":50,"h":40}},"linknodes":[["p0",{"x":855.3935287366318,"y":854.4189140993328,"w":10,"h":10}],["$p_2$",{"x":842.301757387303,"y":900.7259086234342,"w":10,"h":10}],["p4",{"x":907.22541460547,"y":881.6049212000214,"w":10,"h":10}],["p6",{"x":894.5335837663798,"y":932.9047007736115,"w":10,"h":10}],["p1",{"x":748.7794009859267,"y":877.7347769321506,"w":10,"h":10}],["p2",{"x":735.9618720395623,"y":828.0076654028627,"w":10,"h":10}],["p3",{"x":516.715576189232,"y":913.3680773833279,"w":10,"h":10}],["p5",{"x":800.9342172079989,"y":696.8533569484775,"w":10,"h":10}],["p7",{"x":508.96426682709097,"y":711.659484165749,"w":10,"h":10}],["p8",{"x":526.2977576384446,"y":644.5997296984907,"w":10,"h":10}],["p9",{"x":369.3212833554533,"y":533.4742118825806,"w":10,"h":10}],["p10",{"x":375.3841476609711,"y":400.6981877238909,"w":10,"h":10}],["p11",{"x":288.6939727830117,"y":347.6315632278407,"w":10,"h":10}],["p12",{"x":284.5200468267431,"y":228.90636621044877,"w":10,"h":10}],["p13",{"x":711.9069236346535,"y":159.65505809619805,"w":10,"h":10}],["p14",{"x":833.0076851369889,"y":152.01594436881427,"w":10,"h":10}],["p15",{"x":833.2323959370713,"y":162.01594436881427,"w":10,"h":10}]]}}