{"nodes":["ğš¯","OB'","OB","ğš¯'","ğš¯''","â„ Ã— Î¦","OB''"],"hedges":{"p1":[["ğš¯","OB"],["OB'"]],"p2":[["ğš¯","â„ Ã— Î¦"],["ğš¯'"]],"p3":[["OB","ğš¯'"],["ğš¯''"]],"p4":[["OB'","â„ Ã— Î¦"],["OB''"]]},"viz":{"nodes":{"ğš¯":{"x":420.95549284068375,"y":689.9584521158755,"w":50,"h":40,"selected":false},"OB'":{"x":525.9783684632795,"y":694.2316058099506,"w":50,"h":40,"selected":false},"OB":{"x":405.82627867666355,"y":746.2278412113321,"w":50,"h":40,"selected":false},"ğš¯'":{"x":340.7478059135039,"y":666.3099713069107,"w":50,"h":40,"selected":false},"ğš¯''":{"x":286.50926265295294,"y":763.657052381612,"w":50,"h":40,"selected":false},"â„ Ã— Î¦":{"x":462.49483681735893,"y":617.2889337735361,"w":50,"h":40,"selected":false},"OB''":{"x":583.1266006338295,"y":599.7114118523684,"w":50,"h":40,"selected":false}},"linknodes":[["p1",{"x":470.9787888967833,"y":712.1112197269418,"w":0,"h":0,"sep":{}}],["p2",{"x":395.64373919370536,"y":646.531774449755,"w":0,"h":0,"sep":{}}],["p3",{"x":337.406151588425,"y":730.1886476938445,"w":0,"h":0,"sep":{}}],["p4",{"x":531.497323359277,"y":630.6963177550825,"w":0,"h":0,"sep":{}}]],"links":[["p1",{"selected":false}],["p2",{"selected":false}],["p3",{"selected":false}],["p4",{"selected":false}]]}}