{"nodes":["A","B","C","D","X1","X2","X3","X4","X5","X6","X7","X8","X9","X10","X11","X12","X13"],"hedges":{"p0":[["B","C"],["A"]],"$p_2$":[["A","D"],["B"]],"p4":[["A","D"],["C"]],"p6":[["B","C"],["D"]],"p1":[[],["X1"]],"p2":[["X1"],["X13","X10","X12","X11","X9","X8","X7","X6","X5","X4","X3","X2"]]},"viz":{"nodes":{"A":{"x":304.60495089500597,"y":768.2357861644136,"w":50,"h":40},"B":{"x":233.66976576923136,"y":700.1542254983539,"w":50,"h":40},"C":{"x":369.83206108414686,"y":698.5054774951857,"w":50,"h":40},"D":{"x":298.64748965138324,"y":630.283975486875,"w":50,"h":40},"X1":{"x":209.60766281133147,"y":397.7312974688964,"w":50,"h":40},"X2":{"x":517.1494602346407,"y":392.27496931538167,"w":50,"h":40},"X3":{"x":478.48661207146296,"y":542.7292157682333,"w":50,"h":40},"X4":{"x":536.3348702648049,"y":681.1255429130408,"w":50,"h":40},"X5":{"x":619.0819737461196,"y":305.06865100388563,"w":50,"h":40},"X6":{"x":735.0394537362047,"y":763.5243150045824,"w":50,"h":40},"X7":{"x":731.0314508221428,"y":284.2199420432307,"w":50,"h":40},"X8":{"x":934.0112084269516,"y":628.1150930825944,"w":50,"h":40},"X9":{"x":851.7146804072152,"y":324.85416848024875,"w":50,"h":40},"X10":{"x":828.0472490479755,"y":737.1642609761941,"w":50,"h":40},"X11":{"x":931.0352940927693,"y":413.5985296525136,"w":50,"h":40},"X12":{"x":957.8976233015168,"y":527.0589594459824,"w":50,"h":40},"X13":{"x":621.1435232895024,"y":743.8483192321909,"w":50,"h":40}},"linknodes":[["p0",{"x":302.0111837111156,"y":719.9441566906593,"w":10,"h":10}],["$p_2$",{"x":282.8586339349563,"y":700.0059122843717,"w":10,"h":10}],["p4",{"x":320.609292999352,"y":698.4977005571048,"w":10,"h":10}],["p6",{"x":301.5005512333183,"y":678.5963267421854,"w":10,"h":10}],["p1",{"x":368.36932584519843,"y":256.42443592047107,"w":10,"h":10}],["p2",{"x":621.95592037898,"y":368.0361391575534,"w":10,"h":10}]]}}